{"count":1,"self":79.8257984,"total":81.7784684,"children":{"InitializeActuators":{"count":16,"self":0.0020012999999999997,"total":0.0020012999999999997,"children":null},"InitializeSensors":{"count":16,"self":0.0029985999999999997,"total":0.0029985999999999997,"children":null},"AgentSendState":{"count":3865,"self":0.0730247,"total":0.10501629999999999,"children":{"CollectObservations":{"count":10320,"self":0.0030055999999999998,"total":0.0030055999999999998,"children":null},"CollectDiscreteActionMasks":{"count":10320,"self":0.0059822999999999994,"total":0.0059822999999999994,"children":null},"RequestDecision":{"count":10320,"self":0.0230037,"total":0.0230037,"children":null}}},"DecideAction":{"count":3865,"self":1.4936604,"total":1.6715696999999998,"children":{"RayPerceptionSensor.Perceive":{"count":10320,"self":0.1779093,"total":0.1779093,"children":null}}},"AgentAct":{"count":3865,"self":0.1700836,"total":0.1700836,"children":null}},"gauges":{"Hallway.CumulativeReward":{"count":314,"max":1.95766985,"min":0.8033322,"runningAverage":0.9729348,"value":0.930666864,"weightedAverage":0.932323456}},"metadata":{"timer_format_version":"0.1.0","start_time_seconds":"1634390403","unity_version":"2020.3.16f1","command_line_arguments":"C:\\Users\\note8\\Documents\\git\\2020.3.16f1\\Editor\\Unity.exe -projectpath C:\/Users\/note8\/Documents\/GitHub\/MLAgentAR\/ml_agent_heejin_practice -useHub -hubIPC -cloudEnvironment production -hubSessionId c8c42fd0-2a55-11ec-bbe7-5f2daa78470c -accessToken ySSGW-4-hBMk_Aor1EWgazaYF-cNyQBZ68TSQMMDlAc00df","communication_protocol_version":"1.2.0","com.unity.ml-agents_version":"1.5.0-preview","scene_name":"Hallway","end_time_seconds":"1634390485"}}