{"cameraMode":{"drawMode":0,"name":"Shaded","section":"Shading Mode"},"sceneLighting":false,"audioPlay":false,"sceneViewState":{"showFog":true,"showMaterialUpdate":false,"showSkybox":false,"showFlares":true,"showImageEffects":true,"showParticleSystems":true},"in2DMode":false,"pivot":{"x":0.0,"y":0.04736235737800598,"z":-0.0038196593523025514},"rotation":{"x":0.006776678841561079,"y":0.9645631313323975,"z":-0.2626037299633026,"w":0.024892359972000123},"size":0.05676984786987305,"orthographic":false}